--APP ROLES
insert into roles (id, created_at, created_by, updated_at, updated_by, version, role_name, accepted) values (1,current_timestamp,'init',current_timestamp,'init',1,'ADMINISTRATOR', true);
insert into roles (id, created_at, created_by, updated_at, updated_by, version, role_name, accepted) values (2,current_timestamp,'init',current_timestamp,'init',1,'USER', true);
insert into roles (id, created_at, created_by, updated_at, updated_by, version, role_name, accepted) values (3,current_timestamp,'init',current_timestamp,'init',1,'HRUSER', true);


--APP USERS
INSERT INTO public.addresses(id, created_at, created_by, updated_at, updated_by, version, city, country, estate_number, post_code, street)	VALUES (1000, current_timestamp, 'init', current_timestamp, 'init', 1, 'admin', 'Polska', '1', '11-111', 'admin');
INSERT INTO public.persons(	id, created_at, created_by, updated_at, updated_by, version, name, surname, address_id, resume_accept_status)	VALUES (1000, current_timestamp, 'init', current_timestamp, 'init', 1, 'admin', 'admin', 1000, 'NEED_ACCEPTATION');
INSERT INTO users(id, created_at, created_by, updated_at, updated_by, version, password, user_activated, user_lock, user_name, person_id, role_id, email_address)	VALUES (1000, current_timestamp, 'init', current_timestamp, 'init', 1, 'EMSYG7eT4WmKg66kMDCjiA==', 'yes', 'no', 'admin', 1000, 1, 'admin-test-data@gmail.com');


INSERT INTO public.addresses(id, created_at, created_by, updated_at, updated_by, version, city, country, estate_number, post_code, street)	VALUES (1001, current_timestamp, 'init', current_timestamp, 'init', 1, 'user', 'Polska', '1', '11-111', 'studencka');
INSERT INTO public.persons(	id, created_at, created_by, updated_at, updated_by, version, name, surname, address_id, resume_accept_status)	VALUES (1001, current_timestamp, 'init', current_timestamp, 'init', 1, 'user', 'user', 1001,'NEED_ACCEPTATION');
INSERT INTO users(id, created_at, created_by, updated_at, updated_by, version, password, user_activated, user_lock, user_name, person_id, role_id, email_address)	VALUES (2001, current_timestamp, 'init', current_timestamp, 'init', 1, '6zQLB/cXsebY53T/h2aLMg==', 'yes', 'no', 'user', 1001, 2, 'user-text-data@gmail.com'); --pass: user123!
INSERT INTO public.experience(id, created_at, created_by, updated_at, updated_by, version, company, description, from_date, industry, title, to_date, person_id) VALUES (2003, current_timestamp, 'init', current_timestamp, 'init', 1, 'Politechnika Lodz', 'Description init', date '2010-01-01', 'Education', 'Consultant', date '2017-01-01', 1001);
INSERT INTO public.experience(id, created_at, created_by, updated_at, updated_by, version, company, description, from_date, industry, title, to_date, person_id) VALUES (2004, current_timestamp, 'init', current_timestamp, 'init', 1, 'Uniwersytet', 'long desc, long desc, long desc, long desc, long desc, long desc, long desc, long desc, long desc, long desc, long desc, long desc, long desc, long desc, long desc, long desc, long desc, long desc, long desc, long desc, long desc, long desc, long desc, long desc, long desc, long desc, long desc, long desc, long desc, long desc, long desc, long desc, long desc, long desc, long desc, long desc, ', date '2017-01-01', 'Education', 'Student', null, 1001);
INSERT INTO public.education(id, created_at, created_by, updated_at, updated_by, version, degree, field_of_study, from_date, school, to_date, person_id) VALUES (2003, current_timestamp, 'init', current_timestamp, 'init', 1, 'Master of Science', 'Information Technology', date '2011-09-01','Polibuda', date '2015-06-30', 1001);
INSERT INTO public.education(id, created_at, created_by, updated_at, updated_by, version, degree, field_of_study, from_date, school, to_date, person_id) VALUES (2004, current_timestamp, 'init', current_timestamp, 'init', 1, 'Posgraduate', 'Enterprise App Java EE', date '2016-10-01','Polibuda', date '2017-07-30', 1001);
INSERT INTO public.skills(id, accepted, created_at, created_by, updated_at, updated_by, version, skill_level, skill_name, person_id) VALUES (2000, true, current_timestamp, 'init', current_timestamp, 'init', 0, 3, 'Test1', 1001);
INSERT INTO public.skills(id, accepted, created_at, created_by, updated_at, updated_by, version, skill_level, skill_name, person_id) VALUES (2001, true, current_timestamp, 'init', current_timestamp, 'init', 0, 4, 'Bash', 1001);
INSERT INTO public.skills(id, accepted, created_at, created_by, updated_at, updated_by, version, skill_level, skill_name, person_id) VALUES (2002, true, current_timestamp, 'init', current_timestamp, 'init', 0, 4, 'Tibco', 1001);
INSERT INTO public.skills(id, accepted, created_at, created_by, updated_at, updated_by, version, skill_level, skill_name, person_id) VALUES (2003, true, current_timestamp, 'init', current_timestamp, 'init', 0, 3, 'MS Excel', 1001);
INSERT INTO public.skills(id, accepted, created_at, created_by, updated_at, updated_by, version, skill_level, skill_name, person_id) VALUES (2004, true, current_timestamp, 'init', current_timestamp, 'init', 0, 1, 'Agile', 1001);



INSERT INTO public.addresses(id, created_at, created_by, updated_at, updated_by, version, city, country, estate_number, post_code, street)	VALUES (1002, current_timestamp, 'init', current_timestamp, 'init', 1, 'hruser', 'Polska', '1', '11-111', 'admin');
INSERT INTO public.persons(	id, created_at, created_by, updated_at, updated_by, version, name, surname, address_id, resume_accept_status)	VALUES (1002, current_timestamp, 'init', current_timestamp, 'init', 1, 'hruser', 'hruser', 1002,'NEED_ACCEPTATION');
INSERT INTO users(id, created_at, created_by, updated_at, updated_by, version, password, user_activated, user_lock, user_name, person_id, role_id, email_address)	VALUES (3002, current_timestamp, 'init', current_timestamp, 'init', 1, '3UiX7afe0DDpIFkfut9Xyg==', 'yes', 'no', 'hruser', 1002, 3, 'hruser-test-data@gmail.com');
INSERT INTO public.experience(id, created_at, created_by, updated_at, updated_by, version, company, description, from_date, industry, title, to_date, person_id) VALUES (3003, current_timestamp, 'init', current_timestamp, 'init', 1, 'Test Test', 'Description init', date '2010-01-01', 'HR', 'Rekruter', date '2017-01-01', 1003);
INSERT INTO public.experience(id, created_at, created_by, updated_at, updated_by, version, company, description, from_date, industry, title, to_date, person_id) VALUES (3004, current_timestamp, 'init', current_timestamp, 'init', 1, 'Samsung', 'long desc, long desc, long desc, long desc, long desc, long desc, long desc, long desc, long desc, long desc, long desc, long desc, long desc, long desc, long desc, long desc, long desc, long desc, long desc, long desc, long desc, long desc, long desc, long desc, long desc, ', date '2017-01-01', 'TEST TEST', 'TEST', null, 1002);
INSERT INTO public.education(id, created_at, created_by, updated_at, updated_by, version, degree, field_of_study, from_date, school, to_date, person_id) VALUES (3003, current_timestamp, 'init', current_timestamp, 'init', 1, 'licencjat', 'Pedagogika', date '2011-09-01','Uniwersytet Lodzki', date '2015-06-30', 1003);
INSERT INTO public.skills(id, accepted, created_at, created_by, updated_at, updated_by, version, skill_level, skill_name, person_id) VALUES (3000, true, current_timestamp, 'init', current_timestamp, 'init', 0, 3, 'Oracle', 1002);
INSERT INTO public.skills(id, accepted, created_at, created_by, updated_at, updated_by, version, skill_level, skill_name, person_id) VALUES (3001, true, current_timestamp, 'init', current_timestamp, 'init', 0, 4, 'Bash', 1002);
INSERT INTO public.skills(id, accepted, created_at, created_by, updated_at, updated_by, version, skill_level, skill_name, person_id) VALUES (3002, true, current_timestamp, 'init', current_timestamp, 'init', 0, 4, 'PeopleSoft', 1002);
INSERT INTO public.skills(id, accepted, created_at, created_by, updated_at, updated_by, version, skill_level, skill_name, person_id) VALUES (3003, true, current_timestamp, 'init', current_timestamp, 'init', 0, 3, 'BRM', 1002);
INSERT INTO public.skills(id, accepted, created_at, created_by, updated_at, updated_by, version, skill_level, skill_name, person_id) VALUES (3004, true, current_timestamp, 'init', current_timestamp, 'init', 0, 1, 'Agile', 1002);



--test data
INSERT INTO public.addresses(id, created_at, created_by, updated_at, updated_by, version, city, country, estate_number, post_code, street)	VALUES (1003, current_timestamp, 'init', current_timestamp, 'init', 1, 'Warszawa', 'Polska', '56', '91-357', 'Zielona');
INSERT INTO public.persons(	id, created_at, created_by, updated_at, updated_by, version, name, surname, address_id, resume_accept_status)	VALUES (1003, current_timestamp, 'init', current_timestamp, 'init', 1, 'Pawel', 'Pe', 1003,'NEED_ACCEPTATION');
INSERT INTO users(id, created_at, created_by, updated_at, updated_by, version, password, user_activated, user_lock, user_name, person_id, role_id, email_address)	VALUES (1003, current_timestamp, 'init', current_timestamp, 'init', 1, 'ISMvKXpXpadDiUoOSoAfww==', 'yes', 'no', 'pawel', 1003, 2, 'pinkos.pawel@gmail.com');
INSERT INTO public.experience(id, created_at, created_by, updated_at, updated_by, version, company, description, from_date, industry, title, to_date, person_id) VALUES (1003, current_timestamp, 'init', current_timestamp, 'init', 1, 'Orange', 'Description init', date '2010-01-01', 'Telekomunikacja', 'Analityka IT', date '2017-01-01', 1003);
INSERT INTO public.experience(id, created_at, created_by, updated_at, updated_by, version, company, description, from_date, industry, title, to_date, person_id) VALUES (1004, current_timestamp, 'init', current_timestamp, 'init', 1, 'CGI', 'long desc, long desc, long desc, long desc, long desc, long desc, long desc, long desc, long desc, long desc, long desc, long desc, long desc, long desc, long desc, long desc, long desc, long desc, long desc, long desc, long desc, long desc, long desc, long desc, long desc, long desc, long desc, long desc, long desc, long desc, long desc, long desc, long desc, long desc, long desc, long desc, ', date '2017-01-01', 'Water Market', 'Consultant', null, 1003);
INSERT INTO public.education(id, created_at, created_by, updated_at, updated_by, version, degree, field_of_study, from_date, school, to_date, person_id) VALUES (1003, current_timestamp, 'init', current_timestamp, 'init', 1, 'Master of Science', 'Information Technology', date '2011-09-01','Polibuda', date '2015-06-30', 1003);
INSERT INTO public.education(id, created_at, created_by, updated_at, updated_by, version, degree, field_of_study, from_date, school, to_date, person_id) VALUES (1004, current_timestamp, 'init', current_timestamp, 'init', 1, 'Posgraduate', 'Enterprise App Java EE', date '2016-10-01','Polibuda', date '2017-07-30', 1003);
INSERT INTO public.skills(id, accepted, created_at, created_by, updated_at, updated_by, version, skill_level, skill_name, person_id) VALUES (1000, true, current_timestamp, 'init', current_timestamp, 'init', 0, 3, 'Oracle', 1003);
INSERT INTO public.skills(id, accepted, created_at, created_by, updated_at, updated_by, version, skill_level, skill_name, person_id) VALUES (1001, true, current_timestamp, 'init', current_timestamp, 'init', 0, 4, 'Bash', 1003);
INSERT INTO public.skills(id, accepted, created_at, created_by, updated_at, updated_by, version, skill_level, skill_name, person_id) VALUES (1002, true, current_timestamp, 'init', current_timestamp, 'init', 0, 4, 'PeopleSoft', 1003);
INSERT INTO public.skills(id, accepted, created_at, created_by, updated_at, updated_by, version, skill_level, skill_name, person_id) VALUES (1003, true, current_timestamp, 'init', current_timestamp, 'init', 0, 3, 'BRM', 1003);
INSERT INTO public.skills(id, accepted, created_at, created_by, updated_at, updated_by, version, skill_level, skill_name, person_id) VALUES (1004, true, current_timestamp, 'init', current_timestamp, 'init', 0, 4, 'Tibco BW', 1003);
